<?xml version="1.0" encoding="UTF-8"?>
<project-private xmlns="http://www.netbeans.org/ns/project-private/1">
    <editor-bookmarks xmlns="http://www.netbeans.org/ns/editor-bookmarks/2" lastBookmarkId="0"/>
    <open-files xmlns="http://www.netbeans.org/ns/projectui-open-files/2">
        <group>
            <file>file:/F:/Alumno/Escritorio/Consesionario/src/controller/AutoControlador.java</file>
            <file>file:/F:/Alumno/Escritorio/Consesionario/src/view/Pantalla.java</file>
            <file>file:/F:/Alumno/Escritorio/Consesionario/src/model/AutoDao.java</file>
            <file>file:/F:/Alumno/Escritorio/Consesionario/</file>
            <file>file:/F:/Alumno/Escritorio/Consesionario/src/model/Auto.java</file>
        </group>
    </open-files>
</project-private>
